{
	"galleries": [
		{
			"id": "venezuela_small",
			"name": "venezuela (short version)",
			"folder": "venezuela_small",
			"photos": [
				{ "file": "016_choroni.jpg", "name": "" },
				{ "file": "018_playa_medina.jpg", "name": "" },
				{ "file": "028_angel_falls_wide.jpg", "name": "" },
				{ "file": "033_angel_falls.jpg", "name": "" },
				{ "file": "046_morrocoy.jpg", "name": "" }
			]
		},
		{
			"id": "folder",
			"name": "folder",
			"folder": "folder",
			"photos": [
				{ "file": "018_playa_medina.jpg", "name": "" },
				{ "file": "019_andes - Copy.jpg", "name": "" },
				{ "file": "020_hacha.jpg", "name": "" },
				{ "file": "021_los_frailes.jpg", "name": "" },
				{ "file": "022_roraima_camp.jpg", "name": "" },
				{ "file": "023_roraima_edge.jpg", "name": "" },
				{ "file": "024_roraima_hotel.jpg", "name": "" },
				{ "file": "025_roraima_toad.jpg", "name": "" },
				{ "file": "026_salto_aponguao.jpg", "name": "" },
				{ "file": "027_salto_sapo.jpg", "name": "" },
				{ "file": "028_angel_falls_wide.jpg", "name": "" },
				{ "file": "029_angel_falls2.jpg", "name": "" },
				{ "file": "030_carrao.jpg", "name": "" },
				{ "file": "123_ibis.jpg", "name": "" },
				{ "file": "016_choroni.jpg", "name": "" }
			]
		},
		{
			"id": "lala",
			"name": "lala",
			"folder": "Lala",
			"photos": [
				{ "file": "009_ibis.jpg", "name": "" },
				{ "file": "017_medina_cabins.jpg", "name": "" },
				{ "file": "018_playa_medina.jpg", "name": "" },
				{ "file": "Chrysanthemum.jpg", "name": "" },
				{ "file": "Desert.jpg", "name": "" },
				{ "file": "Hydrangeas.jpg", "name": "" },
				{ "file": "Jellyfish.jpg", "name": "" },
				{ "file": "Koala.jpg", "name": "" },
				{ "file": "Lighthouse.jpg", "name": "" },
				{ "file": "Penguins.jpg", "name": "" },
				{ "file": "Tulips.jpg", "name": "" }
			]
		},
		{
			"id": "new",
			"name": "new",
			"folder": "new",
			"photos": [
				{ "file": "012_dona_rosa.jpg", "name": "" },
				{ "file": "013_merida_bucare.jpg", "name": "" },
				{ "file": "014_monte_carmelo.jpg", "name": "" },
				{ "file": "015_caribana.jpg", "name": "" },
				{ "file": "016_choroni.jpg", "name": "" },
				{ "file": "017_medina_cabins - Copy.jpg", "name": "" },
				{ "file": "017_medina_cabins.jpg", "name": "" },
				{ "file": "018_playa_medina.jpg", "name": "" },
				{ "file": "019_andes - Copy.jpg", "name": "" },
				{ "file": "020_hacha.jpg", "name": "" },
				{ "file": "021_los_frailes.jpg", "name": "" },
				{ "file": "022_roraima_camp.jpg", "name": "" },
				{ "file": "023_roraima_edge.jpg", "name": "" },
				{ "file": "024_roraima_hotel.jpg", "name": "" }
			]
		},
		{
			"id": "venezuela",
			"name": "venezuela",
			"folder": "venezuela",
			"photos": [
				{ "file": "001_llanos_sunset.jpg", "name": "" },
				{ "file": "01ada3_merida_bucare - Copy.jpg", "name": "" },
				{ "file": "002_para_falls.jpg", "name": "" },
				{ "file": "003_el_frio_sunset.jpg", "name": "" },
				{ "file": "004_kavac_canyon.jpg", "name": "" },
				{ "file": "005_gran_roque.jpg", "name": "" },
				{ "file": "006_gran_roque_house.jpg", "name": "" },
				{ "file": "007_los_roques_catamar.jpg", "name": "" },
				{ "file": "008_ucaima_view.jpg", "name": "" },
				{ "file": "009_ibis.jpg", "name": "" },
				{ "file": "010_calderon_hut.jpg", "name": "" },
				{ "file": "011_ventuari_dippers.jpg", "name": "" },
				{ "file": "012_dona_rosa.jpg", "name": "" },
				{ "file": "013_merida_bucare.jpg", "name": "" },
				{ "file": "014_monte_carmelo.jpg", "name": "" },
				{ "file": "015_caribana.jpg", "name": "" },
				{ "file": "016_choroni.jpg", "name": "" },
				{ "file": "017_medina_cabins - Copy.jpg", "name": "" },
				{ "file": "017_medina_cabins.jpg", "name": "" },
				{ "file": "018_playa_medina.jpg", "name": "" },
				{ "file": "019_andes - Copy.jpg", "name": "" },
				{ "file": "020_hacha.jpg", "name": "" },
				{ "file": "021_los_frailes.jpg", "name": "" },
				{ "file": "022_roraima_camp.jpg", "name": "" },
				{ "file": "023_roraima_edge.jpg", "name": "" },
				{ "file": "024_roraima_hotel.jpg", "name": "" },
				{ "file": "025_roraima_toad.jpg", "name": "" },
				{ "file": "026_salto_aponguao.jpg", "name": "" },
				{ "file": "027_salto_sapo.jpg", "name": "" },
				{ "file": "028_angel_falls_wide.jpg", "name": "" },
				{ "file": "029_angel_falls2.jpg", "name": "" },
				{ "file": "030_carrao.jpg", "name": "" },
				{ "file": "123_ibis.jpg", "name": "" },
				{ "file": "0203_roraima_edge.jpg", "name": "" },
				{ "file": "01123_calderon_hut.jpg", "name": "" },
				{ "file": "01458_playa_medina.jpg", "name": "" },
				{ "file": "01769_andes.jpg", "name": "" },
				{ "file": "02542_roraima_camp.jpg", "name": "" },
				{ "file": "03450_carrao.jpg", "name": "" },
				{ "file": "026897_salto_aponguao.jpg", "name": "" },
				{ "file": "028884_roraima_hotel.jpg", "name": "" },
				{ "file": "111020_hacha.jpg", "name": "" },
				{ "file": "0111125_roraima_toad.jpg", "name": "" },
				{ "file": "0200009_angel_falls2.jpg", "name": "" },
				{ "file": "0209871_los_frailes .jpg", "name": "" },
				{ "file": "01243444_dona_rosa.jpg", "name": "" },
				{ "file": "045645727_salto_sapo.jpg", "name": "" },
				{ "file": "0141234123_monte_carmelo.jpg", "name": "" },
				{ "file": "011122134234_ventuari_dippers.jpg", "name": "" },
				{ "file": "011231231235_caribana.jpg", "name": "" },
				{ "file": "011231231236_choroni.jpg", "name": "" },
				{ "file": "0282343453456456_angel_falls_wide.jpg", "name": "" }
			]
		}
	]
}
